Top pages,Clicks,Impressions,CTR,Position
https://anyconverter.io/,2,77,2.6%,41.87
https://anyconverter.io/es/pdf-merge/,1,312,0.32%,75.61
http://anyconverter.io/,1,17,5.88%,10.65
https://anyconverter.io/da/screen-resolution/,1,6,16.67%,25.17
http://anyconverter.io/es/morse-code-converter/,1,2,50%,6
https://anyconverter.io/discount-calculator/,0,506,0%,30.39
https://anyconverter.io/internet-speed-test/,0,393,0%,79.63
https://anyconverter.io/pdf-forms/,0,372,0%,81.19
https://anyconverter.io/es/remove-pdf-pages/,0,334,0%,85.17
https://anyconverter.io/da/internet-speed-test/,0,284,0%,70.25
https://anyconverter.io/es/edit-pdf/,0,206,0%,78.29
https://anyconverter.io/extract-pdf-pages/,0,175,0%,83.47
https://anyconverter.io/es/ocr-pdf/,0,168,0%,71.39
https://anyconverter.io/pdf-merge/,0,145,0%,70.79
https://anyconverter.io/es/qr-code-generator/,0,132,0%,84.27
https://anyconverter.io/es/extract-pdf-pages/,0,105,0%,85.96
https://anyconverter.io/es/rotate-pdf/,0,99,0%,82.23
https://anyconverter.io/keyboard-tester/,0,99,0%,83.67
https://anyconverter.io/gst-vat-calculator/,0,81,0%,47.16
https://anyconverter.io/uuid-generator/,0,80,0%,76.25
https://anyconverter.io/add-watermark/,0,80,0%,76.92
https://anyconverter.io/es/pdf-compress/,0,79,0%,78.04
https://anyconverter.io/es/pdf-split/,0,79,0%,87.24
https://anyconverter.io/monitor-color-test/,0,75,0%,64.92
https://anyconverter.io/da/bmi-calculator/,0,75,0%,86.71
https://anyconverter.io/remove-pdf-pages/,0,73,0%,84.47
https://anyconverter.io/es/tip-calculator/,0,67,0%,28.01
https://anyconverter.io/add-page-numbers/,0,65,0%,73.62
https://anyconverter.io/es/blood-type-compatibility/,0,62,0%,71.02
https://anyconverter.io/da/qr-code-generator/,0,62,0%,83.11
https://anyconverter.io/es/calorie-calculator/,0,56,0%,52.12
https://anyconverter.io/csv-to-sql/,0,55,0%,68.53
https://anyconverter.io/da/pdf-compress/,0,52,0%,72.69
https://anyconverter.io/csv-query/,0,51,0%,42.8
https://anyconverter.io/dead-pixel-checker/,0,50,0%,64.88
https://anyconverter.io/viewport-size/,0,49,0%,66.65
https://anyconverter.io/da/invoice-generator/,0,49,0%,73.9
https://anyconverter.io/team-picker/,0,44,0%,61.02
https://anyconverter.io/es/word-counter/,0,44,0%,87.84
https://anyconverter.io/es/sticky-notes/,0,43,0%,14.16
https://anyconverter.io/meeting-timer/,0,43,0%,64.91
https://anyconverter.io/blood-type-compatibility/,0,42,0%,45.81
https://anyconverter.io/px-to-rem/,0,42,0%,56.79
https://anyconverter.io/es/compare-pdf/,0,42,0%,64.5
https://anyconverter.io/tip-calculator/,0,41,0%,27.15
https://anyconverter.io/es/pdf-to-jpg/,0,40,0%,70.45
https://anyconverter.io/es/jpg-to-pdf/,0,40,0%,74.33
https://anyconverter.io/es/unlock-pdf/,0,40,0%,85.53
https://anyconverter.io/es/text-diff-checker/,0,39,0%,77.74
https://anyconverter.io/da/todo-list/,0,38,0%,21.16
https://anyconverter.io/password-strength-checker/,0,35,0%,74.2
https://anyconverter.io/sticky-notes/,0,35,0%,74.89
https://anyconverter.io/da/mortgage-calculator/,0,34,0%,24.88
https://anyconverter.io/da/pdf-to-jpg/,0,34,0%,71.38
https://anyconverter.io/es/base64-encoder/,0,32,0%,44.81
https://anyconverter.io/da/age-calculator/,0,31,0%,11.55
https://anyconverter.io/mortgage-calculator/,0,30,0%,89.53
https://anyconverter.io/es/,0,29,0%,48.52
https://anyconverter.io/es/discount-calculator/,0,29,0%,60.59
https://anyconverter.io/da/ocr-pdf/,0,29,0%,71.07
https://anyconverter.io/da/word-counter/,0,28,0%,52.39
https://anyconverter.io/es/webcam-tester/,0,27,0%,53.89
https://anyconverter.io/daily-planner/,0,26,0%,63.15
https://anyconverter.io/microphone-tester/,0,26,0%,82.04
https://anyconverter.io/da/loan-calculator/,0,25,0%,85.72
https://anyconverter.io/sleep-calculator/,0,23,0%,66.83
https://anyconverter.io/ocr-pdf/,0,23,0%,71.48
https://anyconverter.io/da/countdown-timer/,0,21,0%,39.24
https://anyconverter.io/es/json-formatter/,0,21,0%,66.38
https://anyconverter.io/es/optimize-pdf/,0,21,0%,69.81
https://anyconverter.io/da/coin-flip/,0,19,0%,13.11
https://anyconverter.io/decision-maker/,0,19,0%,64.79
https://anyconverter.io/dice-roller/,0,19,0%,73.53
https://anyconverter.io/es/px-to-rem/,0,18,0%,49.78
https://anyconverter.io/es/random-number-generator/,0,18,0%,78.94
https://anyconverter.io/es/sign-pdf/,0,17,0%,72.94
https://anyconverter.io/crop-pdf/,0,17,0%,73.06
https://anyconverter.io/roman-numeral-converter/,0,15,0%,27
https://anyconverter.io/webcam-tester/,0,15,0%,58.27
https://anyconverter.io/da/edit-pdf/,0,14,0%,63.43
https://anyconverter.io/da/jpg-to-pdf/,0,14,0%,73.14
https://anyconverter.io/ascii-art-generator/,0,14,0%,77.57
https://anyconverter.io/da/organize-pdf/,0,13,0%,48.69
https://anyconverter.io/da/add-watermark/,0,13,0%,51.92
https://anyconverter.io/es/daily-planner/,0,12,0%,47.33
https://anyconverter.io/da/random-number-generator/,0,11,0%,7.82
http://anyconverter.io/csv-query/,0,11,0%,35.45
https://anyconverter.io/es/character-counter/,0,11,0%,44.45
https://anyconverter.io/mouse-tester/,0,11,0%,82.09
https://anyconverter.io/habit-tracker/,0,10,0%,21.9
https://anyconverter.io/es/url-encoder/,0,10,0%,59.8
https://anyconverter.io/edit-pdf/,0,10,0%,60.9
https://anyconverter.io/spin-the-wheel/,0,10,0%,62.5
http://anyconverter.io/es/calorie-calculator/,0,10,0%,82.7
https://anyconverter.io/da/compound-interest-calculator/,0,10,0%,83.8
https://anyconverter.io/es/mortgage-calculator/,0,9,0%,44.67
https://anyconverter.io/number-to-words/,0,9,0%,54.11
https://anyconverter.io/da/,0,9,0%,58.78
https://anyconverter.io/es/mouse-tester/,0,9,0%,73.67
https://anyconverter.io/da/compare-pdf/,0,9,0%,76.67
https://anyconverter.io/es/keyboard-tester/,0,9,0%,84.56
https://anyconverter.io/da/calorie-calculator/,0,9,0%,89.67
https://anyconverter.io/es/compound-interest-calculator/,0,8,0%,8.62
https://anyconverter.io/da/character-counter/,0,8,0%,40.25
https://anyconverter.io/image-converter/,0,7,0%,56
https://anyconverter.io/da/add-page-numbers/,0,7,0%,61.43
https://anyconverter.io/es/uuid-generator/,0,7,0%,64
https://anyconverter.io/da/ip-address-lookup/,0,7,0%,69.71
https://anyconverter.io/es/add-watermark/,0,7,0%,79.43
https://anyconverter.io/invoice-generator/,0,7,0%,90.29
https://anyconverter.io/es/habit-tracker/,0,6,0%,9
https://anyconverter.io/es/dead-pixel-checker/,0,6,0%,9.67
https://anyconverter.io/press/,0,6,0%,10.5
https://anyconverter.io/random-picker/,0,6,0%,25.67
https://anyconverter.io/es/coin-flip/,0,6,0%,41.67
https://anyconverter.io/da/protect-pdf/,0,6,0%,44.33
https://anyconverter.io/es/random-picker/,0,6,0%,49
https://anyconverter.io/url-encoder/,0,6,0%,62.83
https://anyconverter.io/html-beautifier/,0,6,0%,73.5
https://anyconverter.io/screen-resolution/,0,6,0%,83.17
https://anyconverter.io/es/meeting-timer/,0,5,0%,8
https://anyconverter.io/es/scan-to-pdf/,0,5,0%,18
https://anyconverter.io/da/password-generator/,0,5,0%,39.2
https://anyconverter.io/es/microphone-tester/,0,5,0%,61.4
https://anyconverter.io/text-repeater/,0,5,0%,81.8
https://anyconverter.io/ip-address-lookup/,0,5,0%,85.4
https://anyconverter.io/security/,0,4,0%,4.75
https://anyconverter.io/es/fancy-text-generator/,0,4,0%,8
https://anyconverter.io/age-calculator/,0,4,0%,25.75
https://anyconverter.io/da/microphone-tester/,0,4,0%,46.25
https://anyconverter.io/es/jwt-decoder/,0,4,0%,51.5
https://anyconverter.io/da/webcam-tester/,0,4,0%,52.5
http://anyconverter.io/html-beautifier/,0,4,0%,53.5
https://anyconverter.io/todo-list/,0,4,0%,54.5
https://anyconverter.io/compare-pdf/,0,4,0%,72.75
https://anyconverter.io/terms/,0,3,0%,2.33
https://anyconverter.io/da/tip-calculator/,0,3,0%,7.67
https://anyconverter.io/da/number-to-words/,0,3,0%,8.33
https://anyconverter.io/da/monitor-color-test/,0,3,0%,17.33
https://anyconverter.io/lorem-ipsum-generator/,0,3,0%,40
https://anyconverter.io/morse-code-converter/,0,3,0%,49
https://anyconverter.io/loan-calculator/,0,3,0%,50.33
http://anyconverter.io/es/,0,3,0%,58.67
https://anyconverter.io/scan-to-pdf/,0,3,0%,72.67
https://anyconverter.io/es/ascii-art-generator/,0,3,0%,73
https://anyconverter.io/da/stopwatch/,0,3,0%,74
https://anyconverter.io/es/privacy-policy-generator/,0,3,0%,87.67
https://anyconverter.io/typing-speed-test/,0,3,0%,91.67
https://anyconverter.io/es/css-gradient-generator/,0,3,0%,94
https://anyconverter.io/coin-flip/,0,3,0%,115.33
https://anyconverter.io/da/ascii-art-generator/,0,2,0%,4
https://anyconverter.io/es/morse-code-converter/,0,2,0%,4.5
https://anyconverter.io/da/text-repeater/,0,2,0%,5
https://anyconverter.io/es/password-generator/,0,2,0%,5
https://anyconverter.io/blog/,0,2,0%,5.5
https://anyconverter.io/privacy/,0,2,0%,5.5
https://anyconverter.io/es/internet-speed-test/,0,2,0%,6.5
https://anyconverter.io/da/fancy-text-generator/,0,2,0%,7
https://anyconverter.io/es/screen-resolution/,0,2,0%,7
http://anyconverter.io/image-compressor/,0,2,0%,24.5
https://anyconverter.io/da/daily-planner/,0,2,0%,26
https://anyconverter.io/password-generator/,0,2,0%,37.5
https://anyconverter.io/es/text-case-converter/,0,2,0%,46.5
http://anyconverter.io/es/jwt-decoder/,0,2,0%,58
https://anyconverter.io/text-case-converter/,0,2,0%,81.5
https://anyconverter.io/pdf-security/,0,2,0%,90
https://anyconverter.io/countdown-timer/,0,1,0%,1
https://anyconverter.io/es/loan-calculator/,0,1,0%,5
https://anyconverter.io/about/,0,1,0%,6
https://anyconverter.io/da/mouse-tester/,0,1,0%,6
https://anyconverter.io/fancy-text-generator/,0,1,0%,6
https://anyconverter.io/es/decision-maker/,0,1,0%,7
https://anyconverter.io/es/viewport-size/,0,1,0%,7
https://anyconverter.io/da/password-strength-checker/,0,1,0%,8
https://anyconverter.io/unlock-pdf/,0,1,0%,8
https://anyconverter.io/stopwatch/,0,1,0%,9
https://anyconverter.io/da/text-case-converter/,0,1,0%,10
https://anyconverter.io/es/stopwatch/,0,1,0%,10
https://anyconverter.io/da/css-gradient-generator/,0,1,0%,11
https://anyconverter.io/text-diff-checker/,0,1,0%,11
https://anyconverter.io/es/about/,0,1,0%,26
https://anyconverter.io/css-shadow-generator/,0,1,0%,43
https://anyconverter.io/es/json-to-yaml/,0,1,0%,49
https://anyconverter.io/da/blood-type-compatibility/,0,1,0%,50
https://anyconverter.io/es/regex-tester/,0,1,0%,52
https://anyconverter.io/da/sticky-notes/,0,1,0%,56
https://anyconverter.io/da/cron-expression-parser/,0,1,0%,65
https://anyconverter.io/da/percentage-calculator/,0,1,0%,67
https://anyconverter.io/es/csv-query/,0,1,0%,67
https://anyconverter.io/es/protect-pdf/,0,1,0%,67
https://anyconverter.io/da/image-compressor/,0,1,0%,76
https://anyconverter.io/es/crop-pdf/,0,1,0%,84
https://anyconverter.io/es/ip-address-lookup/,0,1,0%,89
https://anyconverter.io/redact-pdf/,0,1,0%,90
https://anyconverter.io/es/organize-pdf/,0,1,0%,91
https://anyconverter.io/compound-interest-calculator/,0,1,0%,93