Top queries,Clicks,Impressions,CTR,Position
unir dos pdf,1,4,25%,76.5
discount calculator,0,45,0%,63
uuid generator,0,32,0%,82.22
opgaveliste,0,31,0%,17.9
notas adhesivas online,0,30,0%,12
extract pdf pages free,0,29,0%,81.62
realkreditberegner,0,28,0%,10.86
unir pdf online,0,28,0%,58.79
escanear ocr,0,28,0%,77.14
rotar pdf,0,28,0%,80.25
online faktura,0,23,0%,74.48
bmi beregner,0,23,0%,87.26
anyconv,0,22,0%,36.64
add page numbers to pdf online,0,22,0%,71.91
pdf ocr,0,22,0%,74.41
eliminar paginas pdf,0,21,0%,87.76
px to rem,0,20,0%,55.2
team picker,0,20,0%,57.9
extract pages from pdf free,0,20,0%,84.5
contador de palabras,0,20,0%,90.45
ocr pdf,0,19,0%,76.05
editar pdf online,0,19,0%,77.74
convertir texto plano a base64 online gratis,0,18,0%,41.5
pdf watermark adder,0,18,0%,84.28
extraer paginas pdf,0,17,0%,87.12
editar pdf online gratis,0,16,0%,77.06
generar qr online,0,16,0%,82.5
girar pdf,0,16,0%,82.94
monitor color test,0,15,0%,56.07
pdf watermark maker,0,15,0%,83
keyboard test online,0,15,0%,86.07
goods and services tax calculator,0,14,0%,45.36
codificar base64 online gratis sin limites,0,14,0%,49.07
combine pdf,0,14,0%,69.71
unir pdf free,0,14,0%,77.07
add page numbers to pdf free,0,14,0%,77.57
agenda time,0,14,0%,82.86
convert pdf to fillable form,0,14,0%,91.14
discount generator,0,13,0%,51.23
omarranger pdf,0,13,0%,66.69
komprimer pdf,0,13,0%,72.31
jpg til pdf,0,13,0%,73.54
internet speed test online,0,13,0%,79.08
unificar pdf gratis,0,13,0%,82.15
fill pdf online free,0,13,0%,82.77
bmi udregner,0,13,0%,94.69
reducer pdf størrelse,0,12,0%,67.92
pdf til jpg,0,12,0%,68.33
unir pdf gratis,0,12,0%,68.58
pdf komprimering,0,12,0%,69.75
konverter pdf til billede,0,12,0%,75.17
unir pdf pesados,0,12,0%,81.25
free internet speed test,0,12,0%,82.83
juntar pdf en un solo archivo gratis,0,12,0%,84
generador qr,0,12,0%,85.33
eliminar hojas de pdf,0,12,0%,85.5
convert pdf to fillable form free,0,12,0%,86
extraer pdf,0,12,0%,87.58
eliminar pdf,0,12,0%,90.08
contador palabras,0,12,0%,90.75
comparar pdf online,0,11,0%,53.55
test min hastighed,0,11,0%,70.18
speed test for free,0,11,0%,81.36
pdf watermark adder free,0,11,0%,86.91
ordtæller,0,10,0%,51.7
editar pdf free online,0,10,0%,79.6
meeting agenda timer,0,10,0%,80
online test internet speed,0,10,0%,80.8
combinar pdf,0,10,0%,80.9
hastighedstest internet,0,10,0%,80.9
beregn dit bmi,0,10,0%,82.8
editar pdf gratis online,0,10,0%,83.1
internet speed test free,0,10,0%,83.9
fill and save pdf forms free,0,10,0%,84.5
pdf page remover,0,10,0%,85.2
quitar hojas de pdf,0,10,0%,86.3
editar pdf en linea,0,10,0%,87.2
pdf compiler,0,9,0%,62.56
hastighedstest,0,9,0%,63.56
pdf combine,0,9,0%,67.67
scannet pdf søgbar,0,9,0%,68.56
test hastighed,0,9,0%,68.89
online form to pdf,0,9,0%,70.44
online forms to pdf,0,9,0%,76.56
unir pdf en linea,0,9,0%,76.56
test bredbåndshastighed,0,9,0%,80.33
fill pdf online,0,9,0%,82.56
quitar pdf,0,9,0%,82.56
convert pdf to fillable form online,0,9,0%,83
convert pdf into fillable form online,0,9,0%,89.67
delete pdf pages online,0,9,0%,90.33
extract one page from pdf,0,9,0%,95.89
free online sticky notes,0,9,0%,97.33
gst calculator online,0,8,0%,31.5
add watermark,0,8,0%,54.5
redactar pdf,0,8,0%,60.88
love pdf eliminar paginas,0,8,0%,66.88
password complexity checker,0,8,0%,68.75
udtræk tekst pdf,0,8,0%,71.12
comparador de textos,0,8,0%,72.38
test internet hastighed,0,8,0%,73.12
dividir pdf,0,8,0%,77.12
extract pdf online,0,8,0%,79.5
post it online free,0,8,0%,81.38
gratis faktura,0,8,0%,83
online keyboard test,0,8,0%,84.75
comparar textos,0,8,0%,84.88
internet test speed online,0,8,0%,87.25
separar pdf,0,8,0%,87.25
quitar paginas pdf,0,8,0%,90.38
turn pdf into fillable form online,0,8,0%,90.62
extraer hojas de pdf,0,8,0%,91.12
test upload speed,0,8,0%,95.62
nedtæller,0,7,0%,27.86
gratis opgavestyring,0,7,0%,35.57
vandmærke pdf,0,7,0%,42.57
easy gst calculator,0,7,0%,46.43
any to any converter,0,7,0%,60.86
test internetforbindelse,0,7,0%,63
pdf ocr online,0,7,0%,67.29
unir pdf,0,7,0%,69.29
csv to sql,0,7,0%,71.71
online speed test online,0,7,0%,75
internet hastighedstest,0,7,0%,75.29
hastighedstest bredbånd,0,7,0%,75.43
convertir varios pdf en uno,0,7,0%,76
fill out pdf form online,0,7,0%,77
keyboard tester online,0,7,0%,82.43
comparar texto,0,7,0%,83.86
convert pdf to form fillable online,0,7,0%,85
check internet speed online,0,7,0%,87.43
quitar hojas de un pdf,0,7,0%,87.86
quitar paginas de un pdf,0,7,0%,88
eliminar paginas de un pdf,0,7,0%,89
generador de qr,0,7,0%,91.86
extraer paginas de un pdf,0,7,0%,95
ændre rækkefølge pdf,0,6,0%,28.67
ordtæller online,0,6,0%,42.33
calculadora de propinas,0,6,0%,50.17
ilovepdf eliminar paginas,0,6,0%,61.5
tilføj vandmærke,0,6,0%,62.83
discounts calculator,0,6,0%,63.17
hastighedscheck,0,6,0%,66.33
formateador json,0,6,0%,67.33
rotar pdf online,0,6,0%,67.5
convertidor qr,0,6,0%,72.33
free speed test,0,6,0%,74
test internet speed online,0,6,0%,75.33
pdf editor online gratis,0,6,0%,76.33
fill pdf form online,0,6,0%,76.83
discount price,0,6,0%,77.5
internet hastighed test,0,6,0%,77.5
sleep calculator,0,6,0%,77.5
combinar pdf gratis,0,6,0%,78.5
mål din internet hastighed,0,6,0%,78.5
test my internet speed free,0,6,0%,78.5
comparar textos online,0,6,0%,79.83
keyboard checker online,0,6,0%,81.17
strong password checker,0,6,0%,81.33
unificar pdf sin limite,0,6,0%,81.5
contador de palabras online,0,6,0%,83.17
separar pdf online,0,6,0%,83.33
eliminar paginas pdf online,0,6,0%,84.17
tipos de sangre compatibles,0,6,0%,86.17
pdf watermark creator,0,6,0%,86.5
eliminar hojas pdf,0,6,0%,87.5
beregn bmi,0,6,0%,87.67
generador codigos qr,0,6,0%,88.67
ændr pdf størrelse,0,6,0%,89.67
borrar paginas de un pdf,0,6,0%,91.5
upload speed test,0,6,0%,91.67
skærmopløsninger,0,5,0%,29.6
gst calculator,0,5,0%,36.2
url encoder,0,5,0%,52.6
tilføj tekst til pdf,0,5,0%,56.4
web hastighed,0,5,0%,56.6
ocr pdf online,0,5,0%,62.4
blood chart compatibility,0,5,0%,63.6
ocr pdf converter,0,5,0%,63.6
optimizar pdf,0,5,0%,64
formatear json,0,5,0%,65.2
tjek min internet hastighed,0,5,0%,67.6
tjek bredbåndshastighed,0,5,0%,68.2
formatear json online gratis indentacion limpia,0,5,0%,68.4
hastigheds test,0,5,0%,68.8
blood type compatibility,0,5,0%,69.4
measure internet speed online,0,5,0%,70.6
pdf ocr online free,0,5,0%,71.6
test din internet hastighed,0,5,0%,73.6
test hastighed internet,0,5,0%,73.8
حاسبة الخصم,0,5,0%,73.8
firmar pdf online gratis,0,5,0%,74.6
online uuid generator,0,5,0%,75.2
extract pdf pages online,0,5,0%,77.2
extraer pdf online,0,5,0%,78.2
pdf form filler,0,5,0%,79
free speed test for internet,0,5,0%,80.2
editar texto pdf gratis,0,5,0%,80.8
fill pdf form online free,0,5,0%,80.8
extraer pagina pdf online,0,5,0%,81.2
unir pdf sin limite,0,5,0%,81.2
upload hastighed,0,5,0%,81.6
comprimir pdf gratis,0,5,0%,82
qr generator,0,5,0%,83
generador de codigo qr gratis,0,5,0%,83.6
qr code generator gratis,0,5,0%,84.2
remove a page in pdf,0,5,0%,84.2
eliminar páginas pdf,0,5,0%,84.8
lav qr kode,0,5,0%,86
quitar hojas pdf,0,5,0%,86.2
opkonvertering beregner,0,5,0%,86.8
eliminar paginas de pdf,0,5,0%,87
voltear pdf,0,5,0%,89.8
eliminar hojas de un pdf,0,5,0%,90.2
test internet speed free,0,5,0%,93.4
omlægning af lån beregner,0,5,0%,96
online ordtæller,0,4,0%,43.75
blood type a and a compatibility,0,4,0%,47.75
calculador de propina,0,4,0%,52.75
ordtællerzzz,0,4,0%,53.75
probar camara online,0,4,0%,57.25
grupos sanguineos compatibles,0,4,0%,57.5
pdf unir,0,4,0%,58
online ocr pdf,0,4,0%,58.5
tegn tæller,0,4,0%,59.5
speed test online free,0,4,0%,60.75
conversor ocr pdf,0,4,0%,61.75
conversor ocr,0,4,0%,62
tjek internethastighed,0,4,0%,62.5
unir pdf online gratis,0,4,0%,62.5
internetforbindelse test,0,4,0%,63.75
uuid generator online,0,4,0%,64.75
fill forms online,0,4,0%,66.5
hastighed test,0,4,0%,67
merge pdf files,0,4,0%,67
tilføj sidetal,0,4,0%,67.25
hastighedstjek,0,4,0%,67.5
password strength checker,0,4,0%,67.5
0nline speed test,0,4,0%,67.75
crop pdf online free,0,4,0%,68
tjek internet hastighed,0,4,0%,68
combinar pdf gratis online,0,4,0%,69
pdf a ocr,0,4,0%,69
internet speedometer test online,0,4,0%,69.25
rotar paginas pdf,0,4,0%,71.25
jpg a pdf online,0,4,0%,71.5
convertidor de pdf a jpg gratis,0,4,0%,72.5
internet test hastighed,0,4,0%,73
unir pdf en linea gratis,0,4,0%,73.25
free bandwidth speed test,0,4,0%,75
online form filling,0,4,0%,75
test nethastighed,0,4,0%,75.5
unir pdf gratis sin limite,0,4,0%,76.75
editor online pdf,0,4,0%,77
generador de numeros aleatorios,0,4,0%,77.75
lav en faktura gratis,0,4,0%,78.25
speed test website,0,4,0%,78.25
convertidor ocr,0,4,0%,78.5
editar pdf gratis en linea,0,4,0%,78.75
test to speed,0,4,0%,78.75
fill in pdf online free,0,4,0%,80
editor de pdf online,0,4,0%,80.25
test my upload speed,0,4,0%,80.25
test speed upload,0,4,0%,80.25
bandwidth test online,0,4,0%,80.75
fill out pdf online free,0,4,0%,80.75
comprimir pdf online gratis,0,4,0%,81
extraer pdf gratis,0,4,0%,81.25
calculador de calorías,0,4,0%,81.5
speed test check online,0,4,0%,82.5
unir pdf sin limites,0,4,0%,83
convert a pdf to a fillable form,0,4,0%,83.5
fill out pdf online,0,4,0%,83.75
ocr para pdf,0,4,0%,83.75
comprimir pdf online,0,4,0%,84
network speed test online,0,4,0%,84
check internet speed test free,0,4,0%,84.5
dividir pdf online,0,4,0%,84.5
combinar archivos pdf gratis,0,4,0%,84.75
extract page from pdf free,0,4,0%,85
quitar pagina pdf,0,4,0%,85
حساب نسبة الخصم,0,4,0%,85
convert pdf to online form,0,4,0%,86
marca de agua a pdf,0,4,0%,86
pdf page extractor free,0,4,0%,86.25
check keyboard online,0,4,0%,87.25
pdf page downloader,0,4,0%,87.5
pdf remover,0,4,0%,87.5
rente beregner,0,4,0%,87.75
turn pdf into fillable form,0,4,0%,88
sacar paginas de pdf,0,4,0%,88.5
borrar hojas de pdf,0,4,0%,89
qr online gratis,0,4,0%,89.25
sacar paginas de un pdf,0,4,0%,91
extract 1 page from pdf,0,4,0%,91.5
quitar contraseña pdf,0,4,0%,92.5
fusionar pdf gratis,0,4,0%,93
compatibilidad de sangre,0,4,0%,95.75
nettsider som konverterer,0,4,0%,96.25
kodegenerator,0,3,0%,16.33
spidertest1234567890 (webcam or cam or live or collection or recordings),0,3,0%,34.67
test webspeed,0,3,0%,35.67
krypter pdf,0,3,0%,40.33
netværkstest,0,3,0%,41.33
any convert,0,3,0%,42.67
planificador online,0,3,0%,44.67
ioconverter,0,3,0%,45.33
beskyt pdf,0,3,0%,48.33
planning online,0,3,0%,48.33
calculadora de propina,0,3,0%,50.33
calculadora descuentos,0,3,0%,51.33
px rem,0,3,0%,52
sidetal pdf,0,3,0%,53.67
color test monitor,0,3,0%,55
probar camara web online,0,3,0%,56
convertir csv a sql,0,3,0%,58
calculador descuento,0,3,0%,58.33
pixel to rem,0,3,0%,59.33
calculator reduceri,0,3,0%,59.67
convert px to rem,0,3,0%,59.67
probar webcam,0,3,0%,61.33
calculator discount,0,3,0%,61.67
i love pdf eliminar paginas,0,3,0%,62.33
ocr pdf to pdf,0,3,0%,62.33
netforbindelse test,0,3,0%,63
netværkshastighed test,0,3,0%,63
assembler pdf,0,3,0%,63.67
ilovepdf quitar hojas,0,3,0%,63.67
generador de uuid,0,3,0%,65
convertir pdf a ocr gratis,0,3,0%,65.67
grupos sanguineos compatibilidad,0,3,0%,65.67
speedtest online free,0,3,0%,66
tjek hastighed,0,3,0%,66.33
tjek hastighed internet,0,3,0%,66.33
מחשבון הנחה,0,3,0%,66.33
combine pdf files,0,3,0%,66.67
convertir jpg a pdf gratis online,0,3,0%,66.67
hastighedsmåling,0,3,0%,67.33
comparar dos pdfs,0,3,0%,67.67
online dead pixel test,0,3,0%,67.67
test af hastighed,0,3,0%,67.67
calculadora de descuentos,0,3,0%,68.33
test min internet hastighed,0,3,0%,68.33
pdf a ocr gratis,0,3,0%,68.67
tjek hastighed på internet,0,3,0%,68.67
calculate a discount,0,3,0%,69
free ocr pdf,0,3,0%,69
pdf unir online,0,3,0%,69.33
ocr online gratis,0,3,0%,69.67
rediger pdf,0,3,0%,69.67
comparar dos pdf,0,3,0%,70
uuid online generator,0,3,0%,70.67
calculadora descuento,0,3,0%,71.33
convertir pdf ocr gratis,0,3,0%,71.33
discounting calculator,0,3,0%,71.33
editor de pdf online gratis,0,3,0%,71.33
percentage calculator price,0,3,0%,71.33
editor pdf online gratis,0,3,0%,72
data speed test online,0,3,0%,72.33
editor pdf online,0,3,0%,72.33
tipos de sangre compatibilidad,0,3,0%,73
como quitar paginas de un pdf,0,3,0%,73.33
online speed test,0,3,0%,73.33
måling af internethastighed,0,3,0%,73.67
test internethastighed,0,3,0%,73.67
stopur online,0,3,0%,74
convertir jpg a pdf online gratis,0,3,0%,74.33
add watermark to pdf,0,3,0%,74.67
combinar pdf online,0,3,0%,74.67
editar pdf gratis,0,3,0%,74.67
convert jpg to pdf,0,3,0%,75
pdf merge,0,3,0%,75
check my internet speed free,0,3,0%,75.33
unir pdfs en linea,0,3,0%,75.67
lav din egen qr kode,0,3,0%,76
pc hastighedstest,0,3,0%,76
de jpg a pdf gratis,0,3,0%,76.33
comparar pdf,0,3,0%,76.67
percentage calculator discount,0,3,0%,76.67
test af bredbånd hastighed,0,3,0%,76.67
comparar documentos pdf,0,3,0%,77.33
convertidor a qr,0,3,0%,77.33
test af hastighed bredbånd,0,3,0%,77.67
extraer paginas pdf online,0,3,0%,78
pdf extraer,0,3,0%,78
pdf fill online,0,3,0%,78.33
lav en faktura,0,3,0%,78.67
speed test free,0,3,0%,78.67
reducir pdf online gratis,0,3,0%,79
microphone test online,0,3,0%,79.33
free test speed,0,3,0%,80
lav gratis faktura,0,3,0%,80
calcular porcentaje de descuento,0,3,0%,80.33
test mit internet,0,3,0%,80.33
editar pdf en linea gratis,0,3,0%,80.67
unir pdf online combina tus archivos pdf en uno,0,3,0%,80.67
what is my viewport,0,3,0%,80.67
bajar peso pdf online,0,3,0%,81
extraer hoja de pdf,0,3,0%,81
generador de codigo qr,0,3,0%,81
generador numeros aleatorios,0,3,0%,81
sleep time calculator,0,3,0%,81
speed test internet online,0,3,0%,81
calculadora calorias,0,3,0%,81.67
check upload speed,0,3,0%,82
escribir sobre pdf gratis,0,3,0%,82
link til qr kode,0,3,0%,82.33
online keyboard tester,0,3,0%,82.33
tipo de sangre compatibles,0,3,0%,82.33
unir pdfs gratis,0,3,0%,82.33
unir pdf ilimitado,0,3,0%,82.67
check internet upload speed,0,3,0%,83
fusionar pdfs gratis,0,3,0%,83
net speed check online,0,3,0%,83
pdf page extractor online,0,3,0%,83
pdf to fill,0,3,0%,83
girar pdf gratis,0,3,0%,83.67
online connection speed test,0,3,0%,83.67
extract pages from pdf online,0,3,0%,84
generador de qr gratis,0,3,0%,84
extraer paginas pdf gratis,0,3,0%,85
generer qr kode,0,3,0%,85
keyboard check online,0,3,0%,85
qr kode generator gratis,0,3,0%,85
free pdf extractor,0,3,0%,85.33
subrayar pdf online,0,3,0%,85.33
meeting timer,0,3,0%,85.67
viewport size,0,3,0%,85.67
concatenar pdf,0,3,0%,86
test keyboard online,0,3,0%,86
agrupar pdf,0,3,0%,86.33
extractor de paginas pdf,0,3,0%,86.67
generar codigo qr gratis,0,3,0%,86.67
quitar paginas de pdf,0,3,0%,86.67
automatic keyboard tester,0,3,0%,87
pdf quitar paginas,0,3,0%,87
separador de pdf,0,3,0%,87.33
30 års afdragsfrihed beregner,0,3,0%,87.67
test internet upload and download speed,0,3,0%,87.67
borrar pdf,0,3,0%,88
escribir en pdf gratis,0,3,0%,88.33
desbloquear pdf online,0,3,0%,88.67
eliminar hoja de pdf,0,3,0%,88.67
free pdf fill online,0,3,0%,88.67
extraer páginas pdf,0,3,0%,89.33
pdf page extractor,0,3,0%,89.33
remove pages from pdf online,0,3,0%,89.33
sacar pagina de pdf,0,3,0%,89.33
mortage rate calculator,0,3,0%,89.67
speed test internet free,0,3,0%,89.67
eliminar paginas,0,3,0%,90
rotar paginas de pdf,0,3,0%,90
udregn bmi,0,3,0%,90.33
internet bandwidth test online,0,3,0%,90.67
kalorieberegner,0,3,0%,91
dividir pdf gratis,0,3,0%,91.33
eliminar pagina pdf,0,3,0%,91.33
desbloquear pdf,0,3,0%,91.67
keyboard test web,0,3,0%,92.33
bmi beregn,0,3,0%,93.33
insert watermark in pdf online,0,3,0%,93.67
pdf extractor free,0,3,0%,93.67
"""grupo cuadrante"" or ""quadrant comunicación"" or ""comunicación más 
contenido"" or ""jeffrey group"" or ""estrategia total"" or ""grupo consultoría 
estratégica"" or ""lenom poshbranding"" or ""ims méxico"" or ""band of insiders"" 
or ""j. walter thompson"" or ""jwt""",0,3,0%,94
test keyboard keys online,0,3,0%,94.67
free online daily organizer,0,3,0%,95.33
eliminar pagina,0,3,0%,96.33
unificador de pdf,0,3,0%,102.67
anyconver,0,2,0%,3.5
faktura generator,0,2,0%,10
vælg et tal mellem 1 og 3,0,2,0%,10
add watermark to document online,0,2,0%,17
farvetest gratis,0,2,0%,18.5
discount counter,0,2,0%,28
tabla compatibilidad sangre,0,2,0%,30
gst calculated,0,2,0%,36
anyconvert,0,2,0%,37
timer nedtælling,0,2,0%,39
nedtællingsur online,0,2,0%,39.5
calculating gst uk,0,2,0%,42.5
px a rem,0,2,0%,43
propina calculadora,0,2,0%,44
test download hastighed,0,2,0%,44.5
gst calculation in uk,0,2,0%,45
tirar moneda,0,2,0%,45.5
calculo descuentos,0,2,0%,46
calculadora propina,0,2,0%,46.5
gst calculator formula,0,2,0%,46.5
ucase online,0,2,0%,46.5
online planner free,0,2,0%,48.5
rem a px,0,2,0%,50.5
converter online,0,2,0%,51
webcam online gratuito,0,2,0%,53
cronograma online,0,2,0%,54
formatear json online,0,2,0%,55.5
decision maker generator,0,2,0%,56
pixels to rem,0,2,0%,56
tip hesaplama,0,2,0%,56
convert pdf to jpg online,0,2,0%,56.5
compara pdf online,0,2,0%,57
discount on calculator,0,2,0%,57.5
speed tests online,0,2,0%,57.5
team decider,0,2,0%,58
p x to rem,0,2,0%,58.5
speed test online,0,2,0%,58.5
combine to pdf,0,2,0%,59
convert pixel to rem,0,2,0%,59
netværk test,0,2,0%,59
test pixel online,0,2,0%,59.5
16px to rem,0,2,0%,60
conversor url,0,2,0%,60
convert csv to sql insert,0,2,0%,60
convert pdf jpg online,0,2,0%,60
converter jpg em pdf,0,2,0%,60
web speed test,0,2,0%,60
10 de propina cuanto es,0,2,0%,60.5
discount converter,0,2,0%,60.5
groepjesmaker online,0,2,0%,60.5
online konvertering,0,2,0%,60.5
pdf to merge pdf,0,2,0%,60.5
pixel to rem converter,0,2,0%,60.5
px to rem conversion,0,2,0%,60.5
uuid format online,0,2,0%,60.5
compatibilidad abo,0,2,0%,61
eliminar hojas de pdf ilove,0,2,0%,61
speedtest internet online,0,2,0%,61
pdf otimizar,0,2,0%,61.5
prueba de camara web,0,2,0%,61.5
wachtwoord checker,0,2,0%,61.5
tipo de sangre compatibilidad,0,2,0%,62
uuid4,0,2,0%,63
ocr gratis online,0,2,0%,63.5
compatibilidades grupos sanguineos,0,2,0%,64
csv to sql online,0,2,0%,64
pixel checker,0,2,0%,64
beautifier html,0,2,0%,64.5
pdf combiner,0,2,0%,64.5
pixels to rem converter,0,2,0%,64.5
sqlite to csv online,0,2,0%,64.5
ilovepdf marca de agua,0,2,0%,65
net test hastighed,0,2,0%,65
online converter,0,2,0%,65
pdf to pdf ocr,0,2,0%,65
como quitar paginas de pdf,0,2,0%,65.5
convertidor ocr pdf,0,2,0%,65.5
comparar textos online gratis,0,2,0%,66
comprimir pdf gratis on line,0,2,0%,66
hastigstest,0,2,0%,66
any converter online,0,2,0%,66.5
convertir pdf a jpg gratis sin registro,0,2,0%,66.5
cuanto es el 15 por ciento de propina,0,2,0%,66.5
net hastighedstest,0,2,0%,66.5
post it generator online,0,2,0%,66.5
concatenate pdf,0,2,0%,67
komprimer pdf gratis,0,2,0%,67
test netforbindelse,0,2,0%,67
fill forms,0,2,0%,67.5
internet hastighed tjek,0,2,0%,68
ocr pdf gratis,0,2,0%,68
online testing speed,0,2,0%,68
qr convertidor,0,2,0%,68
reducir tamaño de pdf gratis,0,2,0%,68
מחשבון אחוזים הנחה,0,2,0%,68
reducir tamaño pdf online gratis,0,2,0%,68.5
tjek din internet hastighed,0,2,0%,68.5
tjek netværkshastighed,0,2,0%,68.5
add page number in pdf online free,0,2,0%,69
editor pdf en linea gratis,0,2,0%,69
editor pdf online gratuito,0,2,0%,69
contador de caracteres online,0,2,0%,69.5
firma online pdf,0,2,0%,69.5
how to find taxable value from tax amount,0,2,0%,69.5
jpg to pdf converter,0,2,0%,69.5
compare two pdfs,0,2,0%,70
gør pdf mindre,0,2,0%,70
i love pdf eliminar pagina,0,2,0%,70
pasar varios pdf a uno,0,2,0%,70
free internet test speed,0,2,0%,70.5
generator qr online,0,2,0%,70.5
pdf to form free,0,2,0%,70.5
reduce tamaño pdf gratis,0,2,0%,70.5
sobreescribir en pdf,0,2,0%,70.5
calculadora de descuento,0,2,0%,71
compare pdfs,0,2,0%,71
d20 generator,0,2,0%,71
eliminar paginas i love pdf,0,2,0%,71
merge pdf files into one,0,2,0%,71
pc hastighedstjek,0,2,0%,71
pdf extract pages free,0,2,0%,71
speed checking website,0,2,0%,71
any converter,0,2,0%,71.5
convertir pdf a jpg online,0,2,0%,71.5
editar texto pdf online gratis,0,2,0%,71.5
optimizar un pdf,0,2,0%,71.5
pdf compresor gratis,0,2,0%,71.5
test af internet hastighed,0,2,0%,71.5
comparador de pdf,0,2,0%,72
de pdf a pdf ocr,0,2,0%,72
test netværkshastighed,0,2,0%,72
check your internet speed online,0,2,0%,72.5
conversor de pdf a jpg gratis,0,2,0%,72.5
generar números aleatorios,0,2,0%,72.5
komprimer fil,0,2,0%,73
ocr pdf document,0,2,0%,73
pdf to ocr online,0,2,0%,73
test netværk,0,2,0%,73
test wifi hastighed,0,2,0%,73
comparar dos documentos pdf,0,2,0%,73.5
discount rate calculator online,0,2,0%,73.5
fill out pdf form free online,0,2,0%,73.5
firmar pdf online,0,2,0%,73.5
internet speed test for free,0,2,0%,73.5
pdf page number add online,0,2,0%,73.5
pdf form filling online free,0,2,0%,74
tjek din internethastighed,0,2,0%,74
check your internet speed free,0,2,0%,74.5
combinar pdf online gratis,0,2,0%,74.5
editar texto pdf online,0,2,0%,74.5
fill a form online,0,2,0%,74.5
lav pdf om til jpg,0,2,0%,74.5
pdf filler free no sign up,0,2,0%,74.5
prueba de raton,0,2,0%,74.5
qr online creator,0,2,0%,74.5
screen resolution checker,0,2,0%,74.5
editar pdf texto online,0,2,0%,75
i love pdf quitar paginas,0,2,0%,75
px en rem,0,2,0%,75
timer meeting,0,2,0%,75
compresor pdf online,0,2,0%,75.5
convertir a qr,0,2,0%,75.5
crop pdf free,0,2,0%,75.5
optimize pdf,0,2,0%,75.5
pdf fillable form free,0,2,0%,75.5
text repeater online,0,2,0%,75.5
calcular descuento,0,2,0%,76
editar pdf nline,0,2,0%,76
firma pdf online free,0,2,0%,76
generar numero aleatorio,0,2,0%,76
mål din hastighed,0,2,0%,76.5
generador de códigos qr,0,2,0%,77
net hastighed test,0,2,0%,77
form filler online,0,2,0%,77.5
internet speed check free,0,2,0%,77.5
pdf form filler online free,0,2,0%,77.5
resaltar pdf online gratis,0,2,0%,77.5
test tastiera online,0,2,0%,77.5
editar texto en pdf online,0,2,0%,78
generate qr online,0,2,0%,78
juntar pdf gratis,0,2,0%,78
sacar paginas a pdf,0,2,0%,78
test din forbindelse,0,2,0%,78
test min internethastighed,0,2,0%,78
unir dos pdf en uno,0,2,0%,78
convert pdf to fillable form online free,0,2,0%,78.5
desunir pdf,0,2,0%,78.5
fill out a pdf form online,0,2,0%,78.5
gen qr code online,0,2,0%,78.5
mål internethastighed,0,2,0%,78.5
calcul discount,0,2,0%,79
contar caracteres online,0,2,0%,79
editar pdf online grátis,0,2,0%,79
keyboard testing online,0,2,0%,79
testing microphone online,0,2,0%,79
unir pdf gratis en linea,0,2,0%,79
unir pdfs sin limite,0,2,0%,79
editor pdf gratis en linea,0,2,0%,79.5
escribir pdf online,0,2,0%,79.5
extraer paginas de pdf gratis,0,2,0%,79.5
speed test in browser,0,2,0%,79.5
convertir jpg a pdf gratis,0,2,0%,80
eliminar contraseña pdf,0,2,0%,80
extract pdf from pages,0,2,0%,80
fill form online for free,0,2,0%,80
mic check online,0,2,0%,80
reconocer texto pdf,0,2,0%,80
reducir peso pdf online,0,2,0%,80
test hastighed på internet,0,2,0%,80
unir pdf gratis sin limites,0,2,0%,80
varios pdf en uno,0,2,0%,80
adjuntar pdf en linea,0,2,0%,80.5
calculadora de calorias,0,2,0%,80.5
combine both pdf,0,2,0%,80.5
complete pdf form online,0,2,0%,80.5
editar pdf online texto,0,2,0%,80.5
free internet speed check,0,2,0%,80.5
lav faktura gratis,0,2,0%,80.5
pdf merge online multiple files free,0,2,0%,80.5
speed internet test free,0,2,0%,80.5
test your upload speed,0,2,0%,80.5
uuid generators,0,2,0%,80.5
add page number to pdf free,0,2,0%,81
d20 online roller,0,2,0%,81
fill form online,0,2,0%,81
kcal calculadora,0,2,0%,81
keyboard test online free,0,2,0%,81
lav qr kode gratis,0,2,0%,81
nedkonvertering beregner,0,2,0%,81
pasar ocr a pdf,0,2,0%,81
sangres compatibles,0,2,0%,81
agrupar pdf gratis,0,2,0%,81.5
bandwidth speed test free,0,2,0%,81.5
beregn din bmi,0,2,0%,81.5
compatibilidad sangre,0,2,0%,81.5
internet speed online check,0,2,0%,81.5
lav din egen faktura,0,2,0%,81.5
pasar jpg a pdf online gratis,0,2,0%,81.5
pdf merger,0,2,0%,81.5
pdf page remove and add online,0,2,0%,81.5
convert pdf to fillable pdf online free,0,2,0%,82
convertidor codigo qr,0,2,0%,82
creador de qr gratis,0,2,0%,82
fill in pdf,0,2,0%,82
fill out a pdf online free,0,2,0%,82
hastighed test bredbånd,0,2,0%,82
http qr mo2o com id 1628,0,2,0%,82
ip address lookup,0,2,0%,82
unir archivos pdf gratis,0,2,0%,82
unir pdf - combina tus archivos pdf online y gratis,0,2,0%,82
api converter online,0,2,0%,82.5
bandwidth test online free,0,2,0%,82.5
check internet speed free,0,2,0%,82.5
eliminar páginas pdf gratis,0,2,0%,82.5
hastighed bredbånd test,0,2,0%,82.5
how to calculate tip percentage,0,2,0%,82.5
lav qr koder gratis,0,2,0%,82.5
online monitor test,0,2,0%,82.5
unir 2 pdf en 1,0,2,0%,82.5
add page numbers to pdf,0,2,0%,83
comprimir pdf gratis online,0,2,0%,83
computer keyboard test online,0,2,0%,83
editar texto de pdf gratis,0,2,0%,83
editor texto pdf gratis,0,2,0%,83
escribir en pdf online,0,2,0%,83
fill in pdf online,0,2,0%,83
form fill up online free,0,2,0%,83
pdf remove pages,0,2,0%,83
qr generator gratis,0,2,0%,83
separar pdf online gratis,0,2,0%,83
agrupar pdfs gratis,0,2,0%,83.5
free internet speed tests,0,2,0%,83.5
test my internet speed for free,0,2,0%,83.5
test speed of internet online,0,2,0%,83.5
uuuid generator,0,2,0%,83.5
comprimir pdf en linea,0,2,0%,84
download and upload speed check,0,2,0%,84
online mic test,0,2,0%,84
qr kode generator,0,2,0%,84
combinar archivos pdf,0,2,0%,84.5
editar texto en pdf gratis,0,2,0%,84.5
eliminar pdf online,0,2,0%,84.5
extract pages from pdf converter,0,2,0%,84.5
internet bandwidth speed test online,0,2,0%,84.5
renters rente beregner,0,2,0%,84.5
separa pdf,0,2,0%,84.5
combinar archivos en pdf gratis,0,2,0%,85
crear qr online,0,2,0%,85
check keyboard keys online,0,2,0%,85.5
compatibilidad sanguinea,0,2,0%,85.5
pdf page remover free,0,2,0%,85.5
remove page from pdf,0,2,0%,85.5
calculadora de calorias diarias,0,2,0%,86
delete pages from pdf online,0,2,0%,86.5
editor pdf en linea,0,2,0%,86.5
eliminar páginas de un pdf gratis,0,2,0%,86.5
imprimir pdf protegido online gratis,0,2,0%,86.5
sangre compatible,0,2,0%,86.5
test your internet speed online,0,2,0%,86.5
unificar pdf gratis online,0,2,0%,86.5
editar pdf eliminar paginas,0,2,0%,87
eliminar paginas pdf gratis,0,2,0%,87
escribir sobre un pdf gratis,0,2,0%,87
extract pages from pdf online free,0,2,0%,87
quitar paginas a pdf,0,2,0%,87
check internet speed test online,0,2,0%,87.5
eliminar pdf gratis,0,2,0%,87.5
keyboard testter,0,2,0%,87.5
online bandwidth speed test,0,2,0%,87.5
opkonvertering af lån beregner,0,2,0%,87.5
pdf a jpg gratis,0,2,0%,87.5
sacar paginas pdf,0,2,0%,87.5
borrar pagina de un pdf,0,2,0%,88
escribir en un pdf online,0,2,0%,88
generar qr online gratis,0,2,0%,88
girar pdf online,0,2,0%,88
mic test online,0,2,0%,88
upload speed check,0,2,0%,88
calculator discount lei,0,2,0%,88.5
codigo qr generador,0,2,0%,88.5
extract pdf page,0,2,0%,88.5
pdf eliminar pagina,0,2,0%,88.5
eliminar hoja de un pdf,0,2,0%,89.5
eliminar pags pdf,0,2,0%,89.5
eliminar pdf paginas,0,2,0%,89.5
eliminar páginas de un pdf,0,2,0%,89.5
eliminar archivos pdf,0,2,0%,90
eliminir paginas pdf,0,2,0%,90
pdf eliminar paginas,0,2,0%,90
separar pdf gratis,0,2,0%,90
borrar paginas de pdf,0,2,0%,90.5
convert pdf into fillable form,0,2,0%,90.5
girar hojas pdf,0,2,0%,90.5
how do you convert pdf to fillable form,0,2,0%,90.5
keystroke recorder online,0,2,0%,90.5
pd page remover,0,2,0%,90.5
eliminar una hoja de un pdf,0,2,0%,91
eliminar una pagina de un pdf,0,2,0%,91
extraer hojas pdf,0,2,0%,91
girar un pdf,0,2,0%,91
gratis qr kode,0,2,0%,91
borrar pagina de pdf,0,2,0%,91.5
dividir pdf en linea,0,2,0%,91.5
internet speed tests free,0,2,0%,91.5
lån konvertering beregner,0,2,0%,91.5
pdf girar,0,2,0%,91.5
suprimir,0,2,0%,91.5
eliminar páginas,0,2,0%,92
keyboard checker,0,2,0%,92
quitar proteccion pdf,0,2,0%,92
quitar hoja de un pdf,0,2,0%,92.5
extractor de hojas pdf,0,2,0%,93
girar paginas pdf,0,2,0%,93
renteberegner,0,2,0%,93
quitar paginas a un pdf,0,2,0%,93.5
pdf quitar pagina,0,2,0%,94
quitar pagina a pdf,0,2,0%,94
quitar paginas pdf online,0,2,0%,94
separar hojas pdf,0,2,0%,94
desbloquear pdf online eliminar contraseña de pdf,0,2,0%,94.5
how to make a pdf into a form,0,2,0%,94.5
uploading speed test,0,2,0%,94.5
free test internet speed,0,2,0%,95
how convert a pdf file to fillable form online,0,2,0%,95
separar paginas pdf,0,2,0%,95
suprimir paginas pdf,0,2,0%,95
mortgage interest calculator,0,2,0%,95.5
calculo de calorias diarias,0,2,0%,96
calcular calorias diarias,0,2,0%,97
html code beautifier and minifier,0,2,0%,97
separar hojas de pdf,0,2,0%,97
calculadora de gasto calorico,0,2,0%,98
calcular kcal diarias,0,2,0%,99
lånberegner,0,1,0%,3
online tal,0,1,0%,7
plat online,0,1,0%,7
selector random,0,1,0%,7
omkonverteres,0,1,0%,8
14.99+7.99,0,1,0%,10
calculador de descuentos,0,1,0%,14
tegntæller,0,1,0%,14
viewport size checker,0,1,0%,14
farvetest,0,1,0%,15
calculo descuento,0,1,0%,16
desencriptar pdf,0,1,0%,17
desproteger pdf online,0,1,0%,17
notas adesivas online,0,1,0%,17
upload hastighed test,0,1,0%,25
any conv,0,1,0%,29
gst converter,0,1,0%,34
gst remove calculator,0,1,0%,34
online nedtælling,0,1,0%,34
blood type chart compatibility,0,1,0%,35
calculate gst amount,0,1,0%,35
habit calculator,0,1,0%,35
calculate gst on amount,0,1,0%,36
including gst calculation,0,1,0%,36
online nedtællingsur,0,1,0%,36
calculate gst,0,1,0%,37
beregn alder,0,1,0%,38
gst tax calculation,0,1,0%,38
internethastighed test,0,1,0%,38
gst invoice calculation,0,1,0%,39
de px a rem,0,1,0%,40
any conversion,0,1,0%,41
cam test web,0,1,0%,42
habit tracking online,0,1,0%,42
planner online,0,1,0%,42
sticky note generator,0,1,0%,42
css shadow generator,0,1,0%,43
test camera online,0,1,0%,43
unir psf,0,1,0%,43
nedtælling,0,1,0%,44
unir pef,0,1,0%,44
webcam test,0,1,0%,44
charcounter,0,1,0%,45
gratis speedtest internet,0,1,0%,45
crop pdf online gratis,0,1,0%,46
escanear imagen a pdf,0,1,0%,46
faktura online,0,1,0%,46
kamera online,0,1,0%,46
monitor a color,0,1,0%,46
tira una moneda,0,1,0%,46
webcam online,0,1,0%,46
webspeed test,0,1,0%,46
csv to query,0,1,0%,47
dagplanner online,0,1,0%,47
planlægningsværktøj gratis,0,1,0%,47
planner daily online,0,1,0%,47
tabla de compatibilidad de sangre,0,1,0%,47
webcam tester,0,1,0%,47
csv to sql converter,0,1,0%,48
dead pixel org,0,1,0%,48
encodeurl,0,1,0%,48
ip adresse finder,0,1,0%,48
unior pdf,0,1,0%,48
blood type compatibility relationship,0,1,0%,49
calculadora de grupo sanguíneo,0,1,0%,49
discount rechner,0,1,0%,49
optimize pdf online,0,1,0%,49
test internet speed online free,0,1,0%,49
blood type compatibility test,0,1,0%,50
girar pdf love,0,1,0%,50
gst and service charge calculator,0,1,0%,50
lanzar moneda online,0,1,0%,50
pixeles a rem,0,1,0%,50
query csv with sql,0,1,0%,50
reduzir pdf online gratis,0,1,0%,50
team shuffle online,0,1,0%,50
teams picker,0,1,0%,50
comparar 2 pdf online,0,1,0%,51
gabung pdf,0,1,0%,51
how much is my gst,0,1,0%,51
online urlencoder,0,1,0%,51
probar webcam online,0,1,0%,51
base price calculator gst,0,1,0%,52
pdf to jpg online,0,1,0%,52
probar expresiones regulares,0,1,0%,52
px to rem converter,0,1,0%,52
online pdf comprimeren,0,1,0%,53
compatibilidad grupos sanguineos,0,1,0%,54
dead pixel online,0,1,0%,54
online diary planner,0,1,0%,54
photo online converter,0,1,0%,54
probador de camara,0,1,0%,54
scan picture to pdf,0,1,0%,54
color test / monitor,0,1,0%,55
day planner online,0,1,0%,55
grupo sanguineo compatibilidad,0,1,0%,55
how much is gst,0,1,0%,55
how to calculate invoice value to taxable value,0,1,0%,55
lanzar la moneda,0,1,0%,55
mbps tester,0,1,0%,55
ocr online pdf,0,1,0%,55
online team picker,0,1,0%,55
probar cámara web,0,1,0%,55
test mikrofonu online,0,1,0%,55
unire pdf online free,0,1,0%,55
compatibilidad de grupos sanguineos,0,1,0%,56
conversion online,0,1,0%,56
conversor ocr online,0,1,0%,56
convertidor pdf a jpg,0,1,0%,56
eliminar paginas pdf ilovepdf,0,1,0%,56
how much is the gst,0,1,0%,56
mikrofon test,0,1,0%,56
modificar pdf online,0,1,0%,56
post it notes online,0,1,0%,56
unificar pdf online,0,1,0%,56
uuid converter,0,1,0%,56
calcular tip,0,1,0%,57
conversor online,0,1,0%,57
daily calendar online,0,1,0%,57
eliminar hojas pdf love,0,1,0%,57
encode url,0,1,0%,57
fill up pdf online,0,1,0%,57
find ip adresse,0,1,0%,57
gst calculator maldives,0,1,0%,57
ilove pdf rotar,0,1,0%,57
monitor test color,0,1,0%,57
ocr on pdf,0,1,0%,57
pdf til jpg gratis,0,1,0%,57
px to rem calculator,0,1,0%,57
unificar archivos pdf,0,1,0%,57
% discount calculator,0,1,0%,58
combine multiple pdfs into one,0,1,0%,58
converter ocr pdf,0,1,0%,58
convertir pdf en uno solo,0,1,0%,58
de pdf a jpg online,0,1,0%,58
discount online calculator,0,1,0%,58
habit tracker online,0,1,0%,58
pass checker,0,1,0%,58
probador de camaras,0,1,0%,58
probar cámara web online,0,1,0%,58
selector aleatorio,0,1,0%,58
team picking,0,1,0%,58
token decoder,0,1,0%,58
blood compatibility,0,1,0%,59
conversor pdf to jpg online,0,1,0%,59
convert to pdf ocr,0,1,0%,59
csv sql,0,1,0%,59
easy decison maker,0,1,0%,59
eliminar proteccion pdf,0,1,0%,59
free speed checker,0,1,0%,59
loan emi calculator repayment,0,1,0%,59
measure internet speed free,0,1,0%,59
odf combine,0,1,0%,59
online2pdf comprimir,0,1,0%,59
pdf to pdf ocr online,0,1,0%,59
rem px,0,1,0%,59
unir pdf gratis online,0,1,0%,59
vat tax calculator,0,1,0%,59
fusionar pdf online gratis,0,1,0%,60
hvor mange ord har jeg skrevet,0,1,0%,60